{"cameraMode":{"drawMode":0,"name":"Shaded","section":"Shading Mode"},"sceneLighting":true,"audioPlay":false,"sceneViewState":{"m_AlwaysRefresh":false,"showFog":true,"showSkybox":true,"showFlares":true,"showImageEffects":true,"showParticleSystems":true,"showVisualEffectGraphs":true,"m_FxEnabled":true},"in2DMode":false,"pivot":{"x":-2.240480899810791,"y":-1.8576736450195313,"z":38.335941314697269},"rotation":{"x":0.13307218253612519,"y":-0.022298822179436685,"z":0.0029909356962889435,"w":0.9908671975135803},"size":25.69627571105957,"orthographic":false}